name,category,unit_price
Mouse sem Fio Logitech M170,Eletrônicos,59.90
Fone de Ouvido Bluetooth JBL Tune 520BT,Eletrônicos,199.90
Fone de Ouvido Xiaomi Redmi Buds 6 Play,Eletrônicos,159.99
Teclado Mecânico Gamer Redragon Kumara,Eletrônicos,199.99
Echo Dot 5ª Geração com Alexa,Eletrônicos,464.90
Fire TV Stick Full HD com Controle por Voz Alexa,Eletrônicos,349.90
Kindle Paperwhite 16 GB,Eletrônicos,949.00
Smartphone Motorola Moto G35 5G,Eletrônicos,899.00
Smartphone Xiaomi Redmi 13C 5G,Eletrônicos,1599.00
Smart TV Britânia 43 pol. Full HD B43CRA,Eletrônicos,1256.00
Smart TV Philco 43 pol. P43KRA,Eletrônicos,1329.00
Smart TV TCL 43 pol. 43S5K,Eletrônicos,1639.00
Notebook Lenovo IdeaPad Slim 3 512 GB,Eletrônicos,3278.00
Notebook Acer Aspire 5 A515-45-R1AC,Eletrônicos,3129.00
Carregador Portátil Anker PowerCore 10000,Eletrônicos,169.90
Caixa de Som Bluetooth JBL Flip 6,Eletrônicos,749.00
"Air Fryer Mondial AF-30 I 3,5L",Casa e Cozinha,229.00
"Air Fryer Philco PFR15PG 4,4L",Casa e Cozinha,249.00
Air Fryer Mondial AFN-50-BI 5L,Casa e Cozinha,329.00
Air Fryer Oven Mondial 12L,Casa e Cozinha,429.00
Air Fryer Oster OFRT780 12L,Casa e Cozinha,573.00
Air Fryer Britânia BAF16A 16L,Casa e Cozinha,719.00
"Liquidificador Britânia 2,7L",Casa e Cozinha,139.00
"Panela de Pressão Elétrica Oster Digital 5,7L",Casa e Cozinha,459.00
Cafeteira Elétrica Mondial 30 Xícaras,Casa e Cozinha,119.90
Sanduicheira Mondial Grill,Casa e Cozinha,99.90
"Chaleira Elétrica Britânia 1,8L",Casa e Cozinha,109.90
Jogo de Panelas Tramontina Solar 5 Peças,Casa e Cozinha,269.90
Bola de Futsal Penalty RX XXIII,Esportes,62.99
Bola de Vôlei Penalty 8.0 Pro,Esportes,129.90
Tênis Olympikus Corre 5,Esportes,599.90
Tênis Olympikus Corre Vento 3,Esportes,499.90
Corda de Pular com Rolamento,Esportes,13.90
Halter Athletic Neoprene 5 kg,Esportes,195.00
Tapete de Yoga EVA com Alça 170x60 cm,Esportes,49.90
"Garrafa Térmica Stanley Quencher 1,18L",Esportes,299.90
Whey Protein Growth Supplements 900g,Esportes,119.90
Creatina Monohidratada Growth Supplements 300g,Esportes,79.90
Kit 5 Faixas Elásticas Mini Band,Esportes,39.90
Roda Abdominal com Joelheira,Esportes,49.90
Caderno Universitário Tilibra 10 Matérias 200 Folhas,Papelaria,24.90
Caneta Esferográfica BIC Cristal Azul Caixa com 50,Papelaria,49.90
Caneta Esferográfica BIC Cristal Azul 4 Unidades,Papelaria,12.00
Lápis de Cor Faber-Castell EcoLápis Supersoft 24 Cores,Papelaria,67.89
Cola em Bastão Pritt 40g,Papelaria,18.10
Bloco Adesivo Post-it 4 Blocos 100 Folhas,Papelaria,23.90
Calculadora de Mesa Casio MX-12B,Papelaria,34.49
Calculadora Científica Casio fx-991ES Plus,Papelaria,185.00
Marca-Texto Faber-Castell Textliner 4 Cores,Papelaria,24.90
Fichário Universitário Tilibra,Papelaria,49.90
Tesoura Escolar Mundial 21 cm,Papelaria,12.90
Papel Sulfite A4 Chamex 500 Folhas,Papelaria,29.90
Sabonete em Barra Natura Ekos Puro Vegetal Cremoso 4x100g,Beleza,45.90
Desodorante Colônia Natura Ekos Ryo Floresta 75ml,Beleza,199.90
Desodorante Colônia O Boticário Egeo Dolce 90ml,Beleza,164.90
Desodorante Colônia O Boticário Egeo Banana 90ml,Beleza,129.90
Combo O Boticário Egeo Melancia Colônia Loção e Gel Esfoliante,Beleza,246.70
Perfume O Boticário Malbec 100ml,Beleza,229.90
Creme Hidratante Nivea Creme Lata 145g,Beleza,24.90
Sabonete em Barra Dove Original 90g,Beleza,5.49
Shampoo Pantene Hidro-Cauterização 400ml,Beleza,21.90
Protetor Solar Neutrogena Sun Fresh FPS 70 120ml,Beleza,69.90
Creme Hidratante CeraVe 453g,Beleza,119.90
Desodorante Aerosol Rexona Active 150ml,Beleza,15.99
Jogo Banco Imobiliário Jr. Estrela,Brinquedos e Jogos,95.56
Jogo Banco Imobiliário Brasil Estrela,Brinquedos e Jogos,98.80
Jogo Banco Imobiliário Realidade Aumentada Estrela,Brinquedos e Jogos,106.99
Jogo Banco Imobiliário Clássico Estrela,Brinquedos e Jogos,141.55
Jogo Super Banco Imobiliário Estrela,Brinquedos e Jogos,200.09
Jogo de Cartas Uno Mattel,Brinquedos e Jogos,29.90
Jogo War Grow,Brinquedos e Jogos,119.90
Quebra-Cabeça Grow 1000 Peças,Brinquedos e Jogos,59.90
LEGO Classic Peças Criativas,Brinquedos e Jogos,249.90
Boneca Barbie Mattel,Brinquedos e Jogos,99.90
Carrinhos Hot Wheels Mattel Pacote com 5,Brinquedos e Jogos,49.90
Massinha Play-Doh 4 Potes Hasbro,Brinquedos e Jogos,29.90
Hábitos Atômicos - James Clear,Livros,44.90
"Pai Rico, Pai Pobre - Robert Kiyosaki",Livros,43.18
A Psicologia Financeira - Morgan Housel,Livros,49.90
Sapiens - Yuval Noah Harari,Livros,69.90
Verity - Colleen Hoover,Livros,49.90
É Assim que Acaba - Colleen Hoover,Livros,49.90
A Hora da Estrela - Clarice Lispector,Livros,34.90
A Cabeça do Santo - Socorro Acioli,Livros,54.90
O Pequeno Príncipe - Antoine de Saint-Exupéry,Livros,19.90
Dom Casmurro - Machado de Assis,Livros,19.90
Box Harry Potter Série Completa - J.K. Rowling,Livros,372.98
Box Harry Potter Premium Vermelho Capa Dura - J.K. Rowling,Livros,799.90
Ração Golden Special Cães Adultos Frango e Carne 20kg,Pet Shop,173.90
"Ração PremieR Pet Golden Gatos Adultos Frango 10,1kg",Pet Shop,144.42
Ração Pedigree Cães Adultos Carne e Vegetais 15kg,Pet Shop,149.90
Ração Úmida Whiskas Sachê Gatos Adultos Carne ao Molho 85g,Pet Shop,3.99
Ração Úmida Pedigree Sachê Cães Adultos Carne ao Molho 100g,Pet Shop,3.99
Areia Higiênica Pipicat Classic para Gatos 12kg,Pet Shop,54.40
Areia Higiênica Pipicat Classic para Gatos 4kg,Pet Shop,14.99
Brinquedo Kong Classic Médio,Pet Shop,89.90
Coleira Peitoral para Cães Tamanho M,Pet Shop,39.90
Cama para Cachorro Média,Pet Shop,99.90
Arranhador para Gatos com Poste,Pet Shop,79.90
Shampoo Neutro para Cães e Gatos 500ml,Pet Shop,24.90
